Workbook

Sheet README
A1: CAPM Analysis Project
A2: Purpose | B2: Analyze systematic risk and expected return across selected companies using CAPM.
A3: Companies | B3: PG, AAPL, JPM, XOM, JNJ, KO
A4: Market benchmark | B4: S&P 500 (^GSPC)
A5: Risk-free rate | B5: U.S. Dept of Treasury- 13-Week Coupon
A6: Recommended workflow | B6: Raw Data → Returns → Beta → CAPM → Charts → Insights
A7: Data frequency | B7: Monthly observations
A8: Note | B8: Raw Data is unchanged; Sourced from Yahoo Finance

Sheet Raw Data
A1: Date | B1: Procter & Gamble PG | C1: Apple Inc. AAPL | D1: JPMorgan Chase & Co. JPM | E1: Exxon Mobil XOM | F1: Johnson & Johnson JNJ | G1: Coca-Cola KO | H1: S&P 500 ^GSPC
A2: 44409 | B2: 148.09059 | C2: 151.30978 | D2: 141.1409 | E2: 48.567837 | F2: 125.22551 | G2: 45.754665 | H2: 4522.6802
A3: 44440 | B3: 138.01502 | C3: 141.14558 | D3: 144.4411 | E3: 45.597359 | F3: 122.94773 | G3: 49.363342 | H3: 4307.54
A4: 44470 | B4: 146.11058 | C4: 142.35165 | D4: 150.81537 | E4: 48.986523 | F4: 126.53278 | G4: 54.104973 | H4: 4605.3799
A5: 44501 | B5: 161.46417 | C5: 137.17021 | D5: 140.99715 | E5: 45.933441 | F5: 127.93977 | G5: 50.894268 | H5: 4567
A6: 44531 | B6: 173.44943 | C6: 150.48874 | D6: 140.57101 | E6: 51.853554 | F6: 144.75297 | G6: 52.04245 | H6: 4766.1802
A7: 44562 | B7: 170.72418 | C7: 151.56192 | D7: 132.70647 | E7: 53.42992 | F7: 142.74985 | G7: 64.604416 | H7: 4515.5498
A8: 44593 | B8: 161.49382 | C8: 145.70007 | D8: 126.63374 | E8: 54.507103 | F8: 138.69287 | G8: 67.436043 | H8: 4373.9399
A9: 44621 | B9: 170.77541 | C9: 156.90842 | D9: 121.73986 | E9: 54.712551 | F9: 135.94376 | G9: 71.021988 | H9: 4530.4102
A10: 44652 | B10: 154.18787 | C10: 159.76808 | D10: 107.38394 | E10: 57.015774 | F10: 143.64018 | G10: 73.30941 | H10: 4131.9302
A11: 44682 | B11: 145.7852 | C11: 159.96608 | D11: 118.96262 | E11: 55.930344 | F11: 132.30463 | G11: 83.39933 | H11: 4132.1499
A12: 44713 | B12: 133.91396 | C12: 158.16618 | D12: 101.31121 | E12: 55.916683 | F12: 128.64537 | G12: 74.399155 | H12: 3785.3799
A13: 44743 | B13: 159.17468 | C13: 155.50203 | D13: 104.70335 | E13: 57.036621 | F13: 125.08619 | G13: 84.207253 | H13: 4130.29
... A61: 46204 | B61: 308.64383 | C61: 256.35001 | D61: 351.79001 | E61: 87.589996 | F61: 144.49 | G61: 154.43999 | H61: 7489.7202

Sheet Returns
A1: Date | B1: Procter & Gamble PG | C1: Apple Inc. AAPL | D1: JPMorgan Chase & Co. JPM | E1: Exxon Mobil Corporation XOM | F1: Johnson & Johnson JNJ | G1: The Coca-Cola Company KO | H1: S&P 500 ^GSPC
A2: ='Raw Data'!A3 -> 44440 | B2: =IFERROR('Raw Data'!B3/'Raw Data'!B2-1,"") -> -0.068036571 | C2: =IFERROR('Raw Data'!C3/'Raw Data'!C2-1,"") -> -0.06717477 | D2: =IFERROR('Raw Data'!D3/'Raw Data'!D2-1,"") -> 0.023382315 | E2: =IFERROR('Raw Data'!E3/'Raw Data'!E2-1,"") -> -0.061161423 | F2: =IFERROR('Raw Data'!F3/'Raw Data'!F2-1,"") -> -0.018189417 | G2: =IFERROR('Raw Data'!G3/'Raw Data'!G2-1,"") -> 0.078870144 | H2: =IFERROR('Raw Data'!H3/'Raw Data'!H2-1,"") -> -0.047569169
A3: ='Raw Data'!A4 -> 44470 | B3: =IFERROR('Raw Data'!B4/'Raw Data'!B3-1,"") -> 0.058657132 | C3: =IFERROR('Raw Data'!C4/'Raw Data'!C3-1,"") -> 0.0085448653 | D3: =IFERROR('Raw Data'!D4/'Raw Data'!D3-1,"") -> 0.044130569 | E3: =IFERROR('Raw Data'!E4/'Raw Data'!E3-1,"") -> 0.074328077 | F3: =IFERROR('Raw Data'!F4/'Raw Data'!F3-1,"") -> 0.029159164 | G3: =IFERROR('Raw Data'!G4/'Raw Data'!G3-1,"") -> 0.096055713 | H3: =IFERROR('Raw Data'!H4/'Raw Data'!H3-1,"") -> 0.069143836
A4: ='Raw Data'!A5 -> 44501 | B4: =IFERROR('Raw Data'!B5/'Raw Data'!B4-1,"") -> 0.105082 | C4: =IFERROR('Raw Data'!C5/'Raw Data'!C4-1,"") -> -0.036398889 | D4: =IFERROR('Raw Data'!D5/'Raw Data'!D4-1,"") -> -0.065100938 | E4: =IFERROR('Raw Data'!E5/'Raw Data'!E4-1,"") -> -0.062324938 | F4: =IFERROR('Raw Data'!F5/'Raw Data'!F4-1,"") -> 0.011119506 | G4: =IFERROR('Raw Data'!G5/'Raw Data'!G4-1,"") -> -0.059342142 | H4: =IFERROR('Raw Data'!H5/'Raw Data'!H4-1,"") -> -0.0083337062
A5: ='Raw Data'!A6 -> 44531 | B5: =IFERROR('Raw Data'!B6/'Raw Data'!B5-1,"") -> 0.074228603 | C5: =IFERROR('Raw Data'!C6/'Raw Data'!C5-1,"") -> 0.097094893 | D5: =IFERROR('Raw Data'!D6/'Raw Data'!D5-1,"") -> -0.003022281 | E5: =IFERROR('Raw Data'!E6/'Raw Data'!E5-1,"") -> 0.1288846 | F5: =IFERROR('Raw Data'!F6/'Raw Data'!F5-1,"") -> 0.13141504 | G5: =IFERROR('Raw Data'!G6/'Raw Data'!G5-1,"") -> 0.022560144 | H5: =IFERROR('Raw Data'!H6/'Raw Data'!H5-1,"") -> 0.043612914
A6: ='Raw Data'!A7 -> 44562 | B6: =IFERROR('Raw Data'!B7/'Raw Data'!B6-1,"") -> -0.015712072 | C6: =IFERROR('Raw Data'!C7/'Raw Data'!C6-1,"") -> 0.0071313044 | D6: =IFERROR('Raw Data'!D7/'Raw Data'!D6-1,"") -> -0.055947146 | E6: =IFERROR('Raw Data'!E7/'Raw Data'!E6-1,"") -> 0.030400346 | F6: =IFERROR('Raw Data'!F7/'Raw Data'!F6-1,"") -> -0.013838251 | G6: =IFERROR('Raw Data'!G7/'Raw Data'!G6-1,"") -> 0.24137922 | H6: =IFERROR('Raw Data'!H7/'Raw Data'!H6-1,"") -> -0.052585165
A7: ='Raw Data'!A8 -> 44593 | B7: =IFERROR('Raw Data'!B8/'Raw Data'!B7-1,"") -> -0.054065932 | C7: =IFERROR('Raw Data'!C8/'Raw Data'!C7-1,"") -> -0.038676252 | D7: =IFERROR('Raw Data'!D8/'Raw Data'!D7-1,"") -> -0.045760573 | E7: =IFERROR('Raw Data'!E8/'Raw Data'!E7-1,"") -> 0.02016067 | F7: =IFERROR('Raw Data'!F8/'Raw Data'!F7-1,"") -> -0.028420178 | G7: =IFERROR('Raw Data'!G8/'Raw Data'!G7-1,"") -> 0.043830239 | H7: =IFERROR('Raw Data'!H8/'Raw Data'!H7-1,"") -> -0.031360492
A8: ='Raw Data'!A9 -> 44621 | B8: =IFERROR('Raw Data'!B9/'Raw Data'!B8-1,"") -> 0.05747332 | C8: =IFERROR('Raw Data'!C9/'Raw Data'!C8-1,"") -> 0.076927511 | D8: =IFERROR('Raw Data'!D9/'Raw Data'!D8-1,"") -> -0.038645956 | E8: =IFERROR('Raw Data'!E9/'Raw Data'!E8-1,"") -> 0.0037691968 | F8: =IFERROR('Raw Data'!F9/'Raw Data'!F8-1,"") -> -0.019821603 | G8: =IFERROR('Raw Data'!G9/'Raw Data'!G8-1,"") -> 0.053175495 | H8: =IFERROR('Raw Data'!H9/'Raw Data'!H8-1,"") -> 0.035773288
A9: ='Raw Data'!A10 -> 44652 | B9: =IFERROR('Raw Data'!B10/'Raw Data'!B9-1,"") -> -0.097130731 | C9: =IFERROR('Raw Data'!C10/'Raw Data'!C9-1,"") -> 0.018225058 | D9: =IFERROR('Raw Data'!D10/'Raw Data'!D9-1,"") -> -0.11792291 | E9: =IFERROR('Raw Data'!E10/'Raw Data'!E9-1,"") -> 0.042096794 | F9: =IFERROR('Raw Data'!F10/'Raw Data'!F9-1,"") -> 0.056614781 | G9: =IFERROR('Raw Data'!G10/'Raw Data'!G9-1,"") -> 0.032207237 | H9: =IFERROR('Raw Data'!H10/'Raw Data'!H9-1,"") -> -0.087956712
A10: ='Raw Data'!A11 -> 44682 | B10: =IFERROR('Raw Data'!B11/'Raw Data'!B10-1,"") -> -0.054496273 | C10: =IFERROR('Raw Data'!C11/'Raw Data'!C10-1,"") -> 0.0012392838 | D10: =IFERROR('Raw Data'!D11/'Raw Data'!D10-1,"") -> 0.10782508 | E10: =IFERROR('Raw Data'!E11/'Raw Data'!E10-1,"") -> -0.019037363 | F10: =IFERROR('Raw Data'!F11/'Raw Data'!F10-1,"") -> -0.07891633 | G10: =IFERROR('Raw Data'!G11/'Raw Data'!G10-1,"") -> 0.13763472 | H10: =IFERROR('Raw Data'!H11/'Raw Data'!H10-1,"") -> 5.3177569e-05
A11: ='Raw Data'!A12 -> 44713 | B11: =IFERROR('Raw Data'!B12/'Raw Data'!B11-1,"") -> -0.081429705 | C11: =IFERROR('Raw Data'!C12/'Raw Data'!C11-1,"") -> -0.011251742 | D11: =IFERROR('Raw Data'!D12/'Raw Data'!D11-1,"") -> -0.1483778 | E11: =IFERROR('Raw Data'!E12/'Raw Data'!E11-1,"") -> -0.00024425024 | F11: =IFERROR('Raw Data'!F12/'Raw Data'!F11-1,"") -> -0.027657808 | G11: =IFERROR('Raw Data'!G12/'Raw Data'!G11-1,"") -> -0.10791663 | H11: =IFERROR('Raw Data'!H12/'Raw Data'!H11-1,"") -> -0.08392
A12: ='Raw Data'!A13 -> 44743 | B12: =IFERROR('Raw Data'!B13/'Raw Data'!B12-1,"") -> 0.18863401 | C12: =IFERROR('Raw Data'!C13/'Raw Data'!C12-1,"") -> -0.016844018 | D12: =IFERROR('Raw Data'!D13/'Raw Data'!D12-1,"") -> 0.033482405 | E12: =IFERROR('Raw Data'!E13/'Raw Data'!E12-1,"") -> 0.020028692 | F12: =IFERROR('Raw Data'!F13/'Raw Data'!F12-1,"") -> -0.027666608 | G12: =IFERROR('Raw Data'!G13/'Raw Data'!G12-1,"") -> 0.13183077 | H12: =IFERROR('Raw Data'!H13/'Raw Data'!H12-1,"") -> 0.091116392
A13: ='Raw Data'!A14 -> 44774 | B13: =IFERROR('Raw Data'!B14/'Raw Data'!B13-1,"") -> -0.031208135 | C13: =IFERROR('Raw Data'!C14/'Raw Data'!C13-1,"") -> -0.069309809 | D13: =IFERROR('Raw Data'!D14/'Raw Data'!D13-1,"") -> -0.014129815 | E13: =IFERROR('Raw Data'!E14/'Raw Data'!E13-1,"") -> -0.038335634 | F13: =IFERROR('Raw Data'!F14/'Raw Data'!F13-1,"") -> -0.0069827293 | G13: =IFERROR('Raw Data'!G14/'Raw Data'!G13-1,"") -> -0.004242473 | H13: =IFERROR('Raw Data'!H14/'Raw Data'!H13-1,"") -> -0.042440128
... A60: ='Raw Data'!A61 -> 46204 | B60: =IFERROR('Raw Data'!B61/'Raw Data'!B60-1,"") -> 0.067562961 | C60: =IFERROR('Raw Data'!C61/'Raw Data'!C60-1,"") -> 0.0093712052 | D60: =IFERROR('Raw Data'!D61/'Raw Data'!D60-1,"") -> 0.079567452 | E60: =IFERROR('Raw Data'!E61/'Raw Data'!E60-1,"") -> 0.077765464 | F60: =IFERROR('Raw Data'!F61/'Raw Data'!F60-1,"") -> -0.0073061209 | G60: =IFERROR('Raw Data'!G61/'Raw Data'!G60-1,"") -> 0.13692228 | H60: =IFERROR('Raw Data'!H61/'Raw Data'!H60-1,"") -> -0.0012853961
A62: Returns begin on the second observation because the first period has no prior price.

Sheet Beta
A1: Company | B1: Ticker | C1: Beta | D1: Average Monthly Return | E1: Annualized Return | F1: Interpretation
A2: Procter & Gamble | B2: PG | C2: =IFERROR(SLOPE(Returns!B2:B60,Returns!H2:H60),"") -> 1.0878099 | D2: =IFERROR(AVERAGE(Returns!B2:B60),"") -> 0.015070824 | E2: =IFERROR((1+D2)^12-1,"") -> 0.19661968 | F2: =IF(C2>1,"More sensitive than market",IF(C2<1,"Less sensitive than market","Approximately market-level")) -> More sensitive than market
A3: Apple | B3: AAPL | C3: =IFERROR(SLOPE(Returns!C2:C60,Returns!H2:H60),"") -> 0.24149586 | D3: =IFERROR(AVERAGE(Returns!C2:C60),"") -> 0.01029789 | E3: =IFERROR((1+D3)^12-1,"") -> 0.13081967 | F3: =IF(C3>1,"More sensitive than market",IF(C3<1,"Less sensitive than market","Approximately market-level")) -> Less sensitive than market
A4: JPMorgan Chase | B4: JPM | C4: =IFERROR(SLOPE(Returns!D2:D60,Returns!H2:H60),"") -> 0.98988995 | D4: =IFERROR(AVERAGE(Returns!D2:D60),"") -> 0.017928068 | E4: =IFERROR((1+D4)^12-1,"") -> 0.2376706 | F4: =IF(C4>1,"More sensitive than market",IF(C4<1,"Less sensitive than market","Approximately market-level")) -> Less sensitive than market
A5: Exxon Mobil | B5: XOM | C5: =IFERROR(SLOPE(Returns!E2:E60,Returns!H2:H60),"") -> 0.3398821 | D5: =IFERROR(AVERAGE(Returns!E2:E60),"") -> 0.011170081 | E5: =IFERROR((1+D5)^12-1,"") -> 0.14259029 | F5: =IF(C5>1,"More sensitive than market",IF(C5<1,"Less sensitive than market","Approximately market-level")) -> Less sensitive than market
A6: Johnson & Johnson | B6: JNJ | C6: =IFERROR(SLOPE(Returns!F2:F60,Returns!H2:H60),"") -> 0.38768871 | D6: =IFERROR(AVERAGE(Returns!F2:F60),"") -> 0.0038285763 | E6: =IFERROR((1+D6)^12-1,"") -> 0.046922797 | F6: =IF(C6>1,"More sensitive than market",IF(C6<1,"Less sensitive than market","Approximately market-level")) -> Less sensitive than market
A7: Coca-Cola | B7: KO | C7: =IFERROR(SLOPE(Returns!G2:G60,Returns!H2:H60),"") -> 0.18014982 | D7: =IFERROR(AVERAGE(Returns!G2:G60),"") -> 0.023746973 | E7: =IFERROR((1+D7)^12-1,"") -> 0.32529198 | F7: =IF(C7>1,"More sensitive than market",IF(C7<1,"Less sensitive than market","Approximately market-level")) -> Less sensitive than market

Sheet CAPM
A1: CAPM Inputs | C1: Source
A2: Risk-free rate (3-month T-Bill) | B2: 0.0377 | C2: U.S. Dept of Treasury- 13-Week Coupon, 07/31/2026
A3: Expected market return | B3: =(1+AVERAGE(Returns!H2:H60))^12-1 -> 0.1218489 | C3: Yahoo Finance - S&P 500 (^GSPC), 08/2021-07/2026
A4: Market risk premium | B4: =B3-B2 -> 0.0841489 | C4: Calculated: Rm-Rf
A6: Company | B6: Ticker | C6: Beta | D6: CAPM Expected Return | E6: Historical Annualized Return | F6: Alpha | G6: Actual - CAPM
A7: =Beta!A2 -> Procter & Gamble | B7: =Beta!B2 -> PG | C7: =Beta!C2 -> 1.0878099 | D7: =$B$2+C7*$B$4 -> 0.12923801 | E7: =Beta!E2 -> 0.19661968 | F7: =E7-D7 -> 0.067381675 | G7: =E7-D7 -> 0.067381675
A8: =Beta!A3 -> Apple | B8: =Beta!B3 -> AAPL | C8: =Beta!C3 -> 0.24149586 | D8: =$B$2+C8*$B$4 -> 0.058021611 | E8: =Beta!E3 -> 0.13081967 | F8: =E8-D8 -> 0.072798058 | G8: =E8-D8 -> 0.072798058
A9: =Beta!A4 -> JPMorgan Chase | B9: =Beta!B4 -> JPM | C9: =Beta!C4 -> 0.98988995 | D9: =$B$2+C9*$B$4 -> 0.12099815 | E9: =Beta!E4 -> 0.2376706 | F9: =E9-D9 -> 0.11667245 | G9: =E9-D9 -> 0.11667245
A10: =Beta!A5 -> Exxon Mobil | B10: =Beta!B5 -> XOM | C10: =Beta!C5 -> 0.3398821 | D10: =$B$2+C10*$B$4 -> 0.066300705 | E10: =Beta!E5 -> 0.14259029 | F10: =E10-D10 -> 0.076289589 | G10: =E10-D10 -> 0.076289589
A11: =Beta!A6 -> Johnson & Johnson | B11: =Beta!B6 -> JNJ | C11: =Beta!C6 -> 0.38768871 | D11: =$B$2+C11*$B$4 -> 0.070323579 | E11: =Beta!E6 -> 0.046922797 | F11: =E11-D11 -> -0.023400782 | G11: =E11-D11 -> -0.023400782
A12: =Beta!A7 -> Coca-Cola | B12: =Beta!B7 -> KO | C12: =Beta!C7 -> 0.18014982 | D12: =$B$2+C12*$B$4 -> 0.052859409 | E12: =Beta!E7 -> 0.32529198 | F12: =E12-D12 -> 0.27243257 | G12: =E12-D12 -> 0.27243257

Sheet Charts
A1: Charts

Sheet Insights
A1: Insights & Interpretation
A3: 1. Which company has the highest beta? | B3: P&G has the highest beta.
A4: 2. Which company has the lowest beta? | B4: Coca-Cola has the lowest beta.
A5: 3. Which companies appear more sensitive to market movements? | B5: P&G had the highest beta and was the most sensitive to market movements among the companies analyzed. Beta ranged from 0.18 to 1.09, indicating differences in sensitivity to the overall market movements.
A6: 4. Which companies have actual returns above CAPM expected returns? | B6: All companies expect Johnson & Johnson have actual returns above their CAPM expected returns.
A7: 5. Which company has the largest positive/negative alpha? | B7: Coca-cola (27.74%) has the largest positive, while Johnson & Johnson (-2.34%) has the largest negative alpha.
A8: 6. What does the Security Market Line suggest about the relationship between beta and expected return? | B8: The Security Market Line shows a positive relationship between beta and expected return where y = 0.0841x + 0.0377. This is consistent with the CAPM framework.
A9: 7. What are the key limitations of using CAPM for this analysis? | B9: CAPM is limited because it relies on historical beta and assumes that systematic risk is the primary factor driving expected returns. Actual returns can also be affected by company-specific events, economic conditions, interest rates, and other market factors. Beta estimates may also vary depending on methodology, benchmark, and time period. For example, publisjed Value Line Report beta estimates may differ from the calculated beta in this analysis because of differences in methodology and market benchmark.
